eo,дата_публикации,заголовок,режим,весь_субъект,мо,пункты,причина_дословно,действие,старый_акт,категория,охват,число_мо,в_событиях,событие,режим_верен,причина_верна,территория_верна,комментарий
7500202307040002,2023-07-04,"Постановление Губернатора Забайкальского края от 03.07.2023 № 40  ""О введении на территории Забайкальского края режима повышенной готовности для органов управления и сил территориальной подсистемы единой государственной системы предупреждения и ликвидации чрезвычайных ситуаций Забайкальского края""",повышенная готовность,True,,,"в связи с неблагоприятной метеорологической и гидрологической обстановкой, в целях предупреждения возникновения чрезвычайных ситуаций, вызванных паводковыми явлениями",введение,False,паводок/наводнение,весь субъект,28,True,да,да,да,да,"повышенная готовность на весь край: неблагоприятная гидрологическая обстановка, паводки"
2500202309010001,2023-09-01,"Постановление Губернатора Приморского края от 30.08.2023 № 52-пг  ""О внесении изменений в постановление Губернатора Приморского края от 15 августа 2023 года № 45-пг ""О чрезвычайной ситуации регионального характера""",чрезвычайная ситуация,True,Артемовский городской округ; Владивостокский городской округ; Уссурийский городской округ; Лесозаводский городской округ; городской округ Спасск-Дальний; Анучинский муниципальный округ; Красноармейский муниципальный округ; Лазовский муниципальный округ; Ольгинский муниципальный округ; Партизанский муниципальный округ; Пограничный муниципальный округ; Хорольский муниципальный округ; Чугуевский муниципальный округ; Шкотовский муниципальный округ; Дальнереченский муниципальный район; Михайловский муниципальный район; Надеждинский муниципальный район; Спасский муниципальный район,,"в результате прохождения тайфуна «KHANUN», в связи с продолжающимся комплексом неблагоприятных погодных явлений, связанных с продолжением прохождения над территорией Приморского края сильных дождей 23-25 августа, 25-26 августа 2023 года и выпадением большого количества осадков",изменение,False,паводок/наводнение,перечень,20,True,да,да,да,нет,"ЧС после тайфуна «Ханун» и дождей; зона — 21 МО, модель выписала 18 (нет Октябрьского, Черниговского, Яковлевского) и отметила «весь субъект»; при сопоставлении добавлены городские округа Дальнереченский и Партизанский"
2400202306070010,2023-06-07,"Постановление Правительства Красноярского края от 06.06.2023 № 484-п  ""О введении режима чрезвычайной ситуации в лесах Красноярского края""",чрезвычайная ситуация,True,,,"в связи с установившейся жаркой и сухой погодой, способствующей быстрому распространению лесных пожаров",введение,False,лесные/природные пожары,весь субъект,51,True,да,да,да,да,"ЧС в лесах, зона — весь край"
7900202402160021,2024-02-16,"Распоряжение губернатора Еврейской автономной области от 14.02.2024 № 42-рг  ""О внесении изменения в приложение № 2 к распоряжению губернатора Еврейской автономной области от 23.08.2021 № 225-рг ""Об определении границ зон чрезвычайной ситуации, возникшей в 2021 году в связи с ухудшающейся паводковой обстановкой на территории Еврейской автономной области, связанной с превышением отметок опасного явления""",чрезвычайная ситуация,True,,,"в связи с ухудшающейся паводковой обстановкой на территории Еврейской автономной области, связанной с превышением отметок опасного явления",изменение,True,паводок/наводнение,весь субъект,6,False,старое,,,,правка адресов зоны ЧС паводка 2021 г. (ЕАО)
2100202401220001,2024-01-22,"Указ Главы Чувашской Республики от 19.01.2024 № 5  ""О введении режима повышенной готовности для органов управления и сил территориальной подсистемы Чувашской Республики единой государственной системы предупреждения и ликвидации чрезвычайных ситуаций""",повышенная готовность,True,,,связанных с неблагоприятными метеорологическими явлениями на территории Чувашской Республики,введение,False,"метеоявления (ветер, снег, мороз)",весь субъект,23,True,да,да,да,да,"повышенная готовность из-за неблагоприятных метеоявлений, весь субъект"
1100202302210004,2023-02-21,"Указ Главы Республики Коми от 15.02.2023 № 15  ""Об утверждении Правил поведения, обязательных для исполнения гражданами и организациями, при введении режима повышенной готовности или чрезвычайной ситуации регионального или межмуниципального характера на территории Республики Коми""",повышенная готовность,True,,,,иное,False,иное/не указана,весь субъект,20,False,нет,,,,правила поведения при режимах
4800202303160001,2023-03-16,"Указ Губернатора Липецкой области от 14.03.2023 № 18  ""О введении режима повышенной готовности в условиях весеннего паводка на территории Липецкой области""",повышенная готовность,True,,,"в связи с установившейся высокой среднесуточной температурой, резким подъёмом уровня воды на реках и водоемах Липецкой области",введение,False,паводок/наводнение,весь субъект,18,True,да,да,да,да,"повышенная готовность: подъём воды в реках, весь субъект"
4900202307040005,2023-07-04,"Указ Губернатора Магаданской области от 30.06.2023 № 84-у  ""О внесении изменения в указ Губернатора Магаданской области от 16 июня 2023 г. № 81-у ""О введении режима чрезвычайной ситуации в лесах регионального характера, возникшей вследствие лесных пожаров на территории Магаданской области""",чрезвычайная ситуация,True,,,возникшей вследствие лесных пожаров,изменение,False,лесные/природные пожары,весь субъект,3,True,да,да,да,да,правка акта о ЧС в лесах: зона — вся область
4101202402260002,2024-02-26,"Приказ Министерства социального благополучия и семейной политики Камчатского края от 20.02.2024 № 9-Н  ""О внесении изменения в часть 2 приказа Министерства социального благополучия и семейной политики Камчатского края от 19.01.2024 № 4-Н ""О внесении изменений в приказ Министерства социального благополучия и семейной политики Камчатского края от 18.03.2022 № 221-п ""Об утверждении административного регламента Министерства социального благополучия и семейной политики Камчатского края по предоставлению государственной услуги ""Назначение выплаты единовременной материальной помощи гражданам, пострадавшим в результате чрезвычайной ситуации природного и техногенного характера""",иное,True,,,,иное,False,иное/не указана,весь субъект,9,False,нет,,,,административный регламент выплат пострадавшим
4500202309280007,2023-09-28,"Постановление Губернатора Курганской области от 27.09.2023 № 98  ""Об утверждении Правил поведения, обязательных для исполнения гражданами и организациями, при введении режима повышенной готовности или чрезвычайной ситуации регионального или межмуниципального характера на территории Курганской области""",повышенная готовность,True,,,,иное,False,иное/не указана,весь субъект,24,False,нет,,,,правила поведения при режимах
5000202312190006,2023-12-19,"Постановление Губернатора Московской области от 19.12.2023 № 459-ПГ  ""О внесении изменений в постановление Губернатора Московской области от 12.03.2020 № 108-ПГ ""О введении в Московской области режима повышенной готовности для органов управления и сил Московской областной системы предупреждения и ликвидации чрезвычайных ситуаций и некоторых мерах по предотвращению распространения новой коронавирусной инфекции (COVID-2019) на территории Московской области""",повышенная готовность,True,,,,изменение,True,эпизоотия/эпидемия,весь субъект,52,False,нет,,,,правка режима COVID-19 2020 г.
2200202402090001,2024-02-09,"Постановление Правительства Алтайского края  от 08.02.2024 № 36  ""О введении режима повышенной готовности для органов управления и сил Алтайской территориальной подсистемы единой государственной системы предупреждения и ликвидации чрезвычайных ситуаций""",повышенная готовность,True,,,вызванных прогнозируемым комплексом неблагоприятных метеоявлений,введение,False,"метеоявления (ветер, снег, мороз)",весь субъект,65,True,да,да,да,да,"повышенная готовность на 09–12.02 из-за прогноза метеоявлений, весь край"
1500202412180002,2024-12-18,"Указ Главы Республики Северная Осетия - Алания от 13.12.2024 № 448  ""О введении режима чрезвычайной ситуации для органов управления и сил территориальной подсистемы единой государственной системы предупреждения и ликвидации чрезвычайных ситуаций Республики Северная Осетия-Алания""",чрезвычайная ситуация,False,муниципальное образование город Владикавказ,город Владикавказ,"в результате ограничения движения на федеральной автомобильной дороге А-161, а также продолжающихся на территории республики осадках в виде дождя, мокрого снега и гололедицы",введение,False,"метеоявления (ветер, снег, мороз)",перечень,1,True,да,да,да,да,"ЧС во Владикавказе: закрытие трассы А-161, дождь, мокрый снег, гололедица; зона — Владикавказ"
1900202410230003,2024-10-23,"Постановление Правительства Республики Хакасия от 21.10.2024 № 608  ""О внесении изменений в постановление Правительства Республики Хакасия от 06.07.2022 № 406 ""Об утверждении Порядка и условий осуществления единовременных денежных выплат гражданам, пострадавшим в результате чрезвычайной ситуации природного и техногенного характера на территории Республики Хакасия, за счет средств иных межбюджетных трансфертов из федерального бюджета""",иное,True,,,,иное,False,иное/не указана,весь субъект,12,False,нет,,,,порядок выплат пострадавшим
5500202408290002,2024-08-29,"Распоряжение Губернатора Омской области от 29.08.2024 № 158-р  ""О введении режима чрезвычайной ситуации и установлении уровня реагирования""",чрезвычайная ситуация,True,,,"в период с июля по август 2024 года на территории муниципального округа Тевризского района, Черлакского муниципального района Омской области зафиксировано опасное агрометеорологическое природное явление «переувлажнение почвы». Поскольку в течение 20 - 26 дней почва сильно и избыточно увлажнена, уборочные работы затруднены.",введение,False,засуха/заморозки/гибель посевов,весь субъект,33,False,да,да,да,нет,"ЧС из-за переувлажнения почвы: явление зафиксировано в Тевризском и Черлакском районах, формальная зона — вся область, в реестре — все МО области"
1900202312220011,2023-12-22,"Постановление Правительства Республики Хакасия от 22.12.2023 № 998  ""О внесении изменений в постановление Правительства Республики Хакасия от 11.10.2023 № 753 ""О введении режима чрезвычайной ситуации на территории Республики Хакасия""",чрезвычайная ситуация,False,Усть-Абаканский район; Алтайский район; г. Абакан,с. Калинино; аал Сапогов; с. Белый Яр,в связи с возникновением на территории частных подворий с. Белый Яр Алтайского района Республики Хакасия заразного узелкового дерматита у поголовья крупного рогатого скота и существующей угрозой дальнейшего распространения вируса заразного узелкового дерматита по территории Республики Хакасия,изменение,False,эпизоотия/эпидемия,перечень,3,False,да,да,да,да,ЧС по узелковому дерматиту КРС: зоны вокруг сёл Усть-Абаканского и Алтайского районов
7900202304250021,2023-04-25,"Распоряжение губернатора Еврейской автономной области от 24.04.2023 № 92-рг  ""О внесении изменений в распоряжение губернатора Еврейской автономной области от 29.09.2020 № 302-рг ""Об определении границ зон чрезвычайной ситуации, возникшей в 2020 году в связи с ухудшающейся паводковой обстановкой на территории Еврейской автономной области, связанной с превышением отметок опасного явления""",чрезвычайная ситуация,False,Муниципальное образование «Город Биробиджан» Еврейской автономной области,пер. Аремовский; ул. Косникова; ул. Космонавтов; ул. Калинина; ул. Севастопольская; ул. Транспортная; ул. Юбилейная,"в связи с ухудшающейся паводковой обстановкой на территории Еврейской автономной области, связанной с превышением отметок опасного явления",изменение,True,паводок/наводнение,перечень,2,False,старое,,,,правка адресов зоны ЧС паводка 2020 г. (ЕАО)
2501202311030017,2023-11-03,"Постановление Правительства Приморского края от 02.11.2023 № 750-пп  ""О внесении изменения в постановление Правительства Приморского края от 31 августа 2023 года № 610-пп «О предоставлении субсидий юридическим лицам и индивидуальным предпринимателям туристической отрасли, пострадавшим в августе 2023 года в чрезвычайной ситуации регионального характера, на возмещение части затрат по оплате электроэнергии»""",чрезвычайная ситуация,True,,,пострадавшим в августе 2023 года в чрезвычайной ситуации регионального характера,иное,False,иное/не указана,весь субъект,33,False,нет,,,,"субсидии туристическому бизнесу, пострадавшему от ЧС"
2200202403150002,2024-03-15,"Постановление Правительства Алтайского края  от 15.03.2024 № 60  ""О введении режима повышенной готовности для органов управления и сил Алтайской территориальной подсистемы единой государственной системы предупреждения и ликвидации чрезвычайных ситуаций""",повышенная готовность,True,,,вызванных прогнозируемым комплексом неблагоприятных метеоявлений,введение,False,"метеоявления (ветер, снег, мороз)",весь субъект,65,True,да,да,да,да,"повышенная готовность на 16–17.03 из-за прогноза метеоявлений, весь край"
7500202408230001,2024-08-23,"Постановление Губернатора Забайкальского края от 23.08.2024 № 74  ""О внесении изменения в пункт 3 постановления Губернатора Забайкальского края от 14 августа 2024 года № 69 ""О введении на территории Забайкальского края режима чрезвычайной ситуации""",чрезвычайная ситуация,False,Забайкальский муниципальный округ; Ононский муниципальный округ; Приаргунский муниципальный округ; муниципальный район «Агинский район»; муниципальный район «Борзинский район»; муниципальный район «Карымский район»; муниципальный район «Могойтуйский район»; муниципальный район «Нерчинский район»; муниципальный район «Оловяннинский район»; муниципальный район «Чернышевский район»; муниципальный район «Шилкинский район»,,,изменение,False,засуха/заморозки/гибель посевов,перечень,12,False,да,да,да,да,правка зон ЧС по засухе (причина — из исходного акта № 69): 11 МО; при сопоставлении добавлен городской округ «Агинское»
2500202310230001,2023-10-23,"Постановление Губернатора Приморского края от 17.10.2023 № 69-пг  ""О введении режима повышенной готовности для органов управления и сил Приморской территориальной подсистемы единой государственной системы предупреждения и ликвидации чрезвычайных ситуаций""",повышенная готовность,True,,,"в связи с установлением на территории Приморского края тёплой сухой погоды, сохранением 4 (высокого) класса пожарной опасности в лесах по метеоусловиям, а в отдельных районах Приморского края — повышением до 5 (высокого) класса пожарной опасности",введение,False,лесные/природные пожары,весь субъект,33,True,да,да,да,да,"повышенная готовность из-за высокой пожарной опасности в лесах, весь край"
6800202304270012,2023-04-27,"Постановление Правительства Тамбовской области от 26.04.2023 № 322  ""О внесении изменений в постановление администрации Тамбовской области от 17.03.2020 № 193 ""О введении режима повышенной готовности в целях недопущения распространения новой коронавирусной инфекции ( COVID-19) на территории Тамбовской области""",повышенная готовность,True,,,В связи с угрозой распространения на территории Тамбовской области новой коронавирусной инфекции (COVID-19),изменение,True,эпизоотия/эпидемия,весь субъект,24,False,нет,,,,правка режима COVID-19 2020 г.
4000202311030005,2023-11-03,"Постановление Правительства Калужской области от 31.10.2023 № 745  ""О внесении изменений в постановление Правительства Калужской области от 10.03.2022 № 165 ""О введении режима повышенной готовности для органов управления и сил территориальной подсистемы Калужской области единой государственной системы предупреждения и ликвидации чрезвычайных ситуаций"" (в ред. постановления Правительства Калужской области от 29.04.2022 № 329, от 12.05.2022 № 344, от 20.06.2022 № 456, от 14.07.2022 № 514, от 26.08.2022 № 633, от 27.10.2022 № 823, от 14.11.2022 № 874, от 31.01.2023 № 64, от 26.04.2023 № 291, от 08.06.2023 № 377, от 31.07.2023 № 527)""",повышенная готовность,True,,,"в связи с необходимостью продолжения проведения мероприятий по приему и размещению граждан, вновь прибывающих из Донецкой Народной Республики, Луганской Народной Республики, Запорожской области, Херсонской области, Украины и субъектов Российской Федерации, на которых введены максимальный и средний уровень реагирования, вынужденно покинувших жилые помещения и находящихся в пунктах временного размещения и питания",изменение,True,иное/не указана,весь субъект,25,False,нет,,,,"приём переселенцев, режим 2022 г."
1900202304130002,2023-04-13,"Постановление Правительства Республики Хакасия от 12.04.2023 № 272  ""О внесении изменения в пункт 1 постановления Правительства Республики Хакасия от 13.03.2020 № 102 ""О введении на территории Республики Хакасия режима повышенной готовности и реализации дополнительных мер по защите населения и территорий от чрезвычайных ситуаций""",повышенная готовность,True,,,,изменение,True,иное/не указана,весь субъект,12,False,нет,,,,правка режима COVID-19 2020 г.
7900202309250037,2023-09-25,"Распоряжение губернатора Еврейской автономной области от 22.09.2023 № 243-рг  ""О внесении изменения в приложение № 2 к распоряжению губернатора Еврейской автономной области от 23.08.2021 № 225-рг ""Об определении границ зон чрезвычайной ситуации, возникшей в 2021 году в связи с ухудшающейся паводковой обстановкой на территории Еврейской автономной области, связанной с превышением отметок опасного явления""",чрезвычайная ситуация,False,Муниципальное образование «Биробиджанский муниципальный район» Еврейской автономной области,,"в связи с ухудшающейся паводковой обстановкой на территории Еврейской автономной области, связанной с превышением отметок опасного явления",изменение,True,паводок/наводнение,перечень,1,False,старое,,,,правка адресов зоны ЧС паводка 2021 г. (ЕАО)
3300202404050002,2024-04-05,"Указ Губернатора Владимирской области от 05.04.2024 № 37  ""О введении режима повышенной готовности""",повышенная готовность,True,,,в связи с интенсивным снеготаянием и резким подъёмом уровня воды на реках и водоемах Владимирской области,введение,False,паводок/наводнение,весь субъект,18,True,да,да,да,да,"повышенная готовность: снеготаяние и подъём воды, весь субъект"
1900202412200004,2024-12-20,"Постановление Правительства Республики Хакасия от 19.12.2024 № 768  ""О введении режима повышенной готовности на территории Республики Хакасия""",повышенная готовность,True,,,"в связи с возникновением чрезвычайных ситуаций, связанных с опасными метеорологическими явлениями на территории Республики Хакасия в декабре 2024 года - январе 2025 года, а также возможным возникновением аварийных ситуаций на объектах жизнеобеспечения",введение,False,"авария ЖКХ/тепло-, энерго-, водоснабжение",весь субъект,12,True,да,да,нет,да,главная причина — опасные метеоявления зимой; правило выбрало «авария ЖКХ» по второй причине (возможные аварии на объектах жизнеобеспечения)
4800202306160001,2023-06-16,"Указ Губернатора Липецкой области от 15.06.2023 № 43  ""О введении режима повышенной готовности на территории Липецкой области""",повышенная готовность,True,,,"В связи с прибытием на территорию Липецкой области граждан Российской Федерации, вынужденно покинувших территорию Белгородской области",введение,False,иное/не указана,весь субъект,18,False,нет,,,,приём жителей Белгородской области
6300202408280006,2024-08-28,"Постановление Губернатора Самарской области от 26.08.2024 № 331  ""О введении режима чрезвычайной ситуации регионального характера на территории Самарской области""",чрезвычайная ситуация,False,Кинель-Черкасский; Похвистневский; Сергиевский; Челно-Вершинский,,в связи с гибелью посевов сельскохозяйственных культур на территории Самарской области в результате воздействия комплекса неблагоприятных явлений,введение,False,засуха/заморозки/гибель посевов,перечень,4,False,да,да,да,да,ЧС из-за гибели посевов в четырёх районах
7200202404080001,2024-04-08,"Постановление Губернатора Тюменской области от 08.04.2024 № 36  ""О введении режима чрезвычайной ситуации в Тюменской области""",чрезвычайная ситуация,True,,,"в связи с существующей угрозой подтопления территорий муниципальных образований Тюменской области, в целях необходимости принятия дополнительных мер по защите населения и территорий, предотвращения затопления (подтопления) территорий муниципальных образований, минимизации рисков, связанных с прохождением паводка, а также недопущения нарушения условий жизнедеятельности населения, своевременного проведения аварийно-спасательных, аварийно-восстановительных и других неотложных работ",введение,False,паводок/наводнение,весь субъект,24,True,да,да,да,да,"ЧС из-за угрозы подтопления, зона — вся область"
1900202303170004,2023-03-17,"Постановление Правительства Республики Хакасия от 17.03.2023 № 185  ""О внесении изменения в пункт 1 постановления Правительства Республики Хакасия от 13.03.2020 № 102 ""О введении на территории Республики Хакасия режима повышенной готовности и реализации дополнительных мер по защите населения и территорий от чрезвычайных ситуаций""",повышенная готовность,True,,,,изменение,True,иное/не указана,весь субъект,12,False,нет,,,,правка режима COVID-19 2020 г.
4000202306230012,2023-06-23,"Постановление Правительства Калужской области от 16.06.2023 № 420  ""О внесении изменений в постановление Правительства Калужской области от 08.06.2023 № 377 ""О внесении изменений в постановление Правительства Калужской области от 10.03.2022 № 165 ""О введении режима повышенной готовности для органов управления и сил территориальной подсистемы Калужской области единой государственной системы предупреждения и ликвидации чрезвычайных ситуаций"" (в ред. постановлений Правительства Калужской области от 29.04.2022 № 329, от 12.05.2022 № 344,от 20.06.2022 № 456, от 14.07.2022 № 514, от 26.08.2022 № 633, от 27.10.2022 № 823, от 14.11.2022 № 874, от 31.01.2023 № 64, от 26.04.2023 № 291)""",повышенная готовность,True,,,,изменение,False,иное/не указана,весь субъект,25,False,нет,,,,"приём переселенцев, режим 2022 г."
4000202403270003,2024-03-27,"Постановление Правительства Калужской области от 25.03.2024 № 192  ""О внесении изменений в постановление Правительства Калужской области от 10.03.2022 № 165 ""О введении режима повышенной готовности для органов управления и сил территориальной подсистемы Калужской области единой государственной системы предупреждения и ликвидации чрезвычайных ситуаций"" (в ред. постановлений Правительства Калужской области от 29.04.2022 № 329, от 12.05.2022 № 344, от 20.06.2022 № 456, от 14.07.2022 № 514, от 26.08.2022 № 633, от 27.10.2022 № 823, от 14.11.2022 № 874, от 31.01.2023 № 64, от 26.04.2023 № 291, от 08.06.2023 № 377, от 31.07.2023 № 527, от 31.10.2023 № 745, от 24.11.2023 № 797, от 19.01.2024 № 59)""",повышенная готовность,True,Дзержинский район; Боровский район,,,изменение,True,иное/не указана,перечень,2,False,нет,,,,"приём переселенцев, режим 2022 г."
7900202308040009,2023-08-04,"Распоряжение губернатора Еврейской автономной области от 01.08.2023 № 182-рг  ""О внесении изменений в приложение № 2 к распоряжению губернатора Еврейской автономной области от 29.09.2020 № 302-рг ""Об определении границ зон чрезвычайной ситуации, возникшей в 2020 году в связи с ухудшающейся паводковой обстановкой на территории Еврейской автономной области, связанной с превышением отметок опасного явления""",чрезвычайная ситуация,False,Муниципальное образование «Город Биробиджан» Еврейской автономной области; Муниципальное образование «Биробиджанский муниципальный район» Еврейской автономной области,,,изменение,True,паводок/наводнение,перечень,2,False,старое,,,,правка адресов зоны ЧС паводка 2020 г. (ЕАО)
1200202308070001,2023-08-07,"Указ Главы Республики Марий Эл от 05.08.2023 № 163  ""О введении на территории Республики Марий Эл режима повышенной готовности""",повышенная готовность,True,,,,введение,False,иное/не указана,весь субъект,17,False,да,да,нет,да,"повышенная готовность из-за «комплекса опасных природных явлений»: модель причину не выписала, в названии её нет — категория «иное», акт не попал в события"
1900202404180001,2024-04-18,"Постановление Правительства Республики Хакасия от 17.04.2024 № 248  ""О внесении изменений в постановление Правительства Республики Хакасия от 07.09.2023 № 688 ""О введении режима повышенной готовности на территории Республики Хакасия""",повышенная готовность,True,,,"в связи с прогнозируемым возникновением на территории Республики Хакасия в мае - июне 2024 года опасных метеорологических явлений, связанных с сильными ветрами 25 м/с и более, выпадением сильных осадков, а также осложнением паводковой и пожарной обстановки и возможным возникновением на территории Республики Хакасия чрезвычайных ситуаций",изменение,False,паводок/наводнение,весь субъект,12,True,да,да,нет,да,"продление режима: главная причина — опасные метеоявления (ветер, осадки), паводок и пожары названы после; правило выбрало «паводок»"
7500202410180002,2024-10-18,"Постановление Губернатора Забайкальского края от 18.10.2024 № 89  ""О введении на территории Забайкальского края режима чрезвычайной ситуации""",чрезвычайная ситуация,False,сел Бура; сел Чупрово Калганского муниципального округа; Приаргунского муниципального округа; сел Манкечур; село Васильевский Хутор; село Мулино Александрово-Заводского муниципального округа; муниципальный район «Город Краснокаменск и Краснокаменский район»,сел Бура; сел Чупрово; сел Манкечур; село Васильевский Хутор; село Мулино; город Краснокаменск,"в связи с возникновением сложной обстановки в агропромышленном комплексе на территории Забайкальского края, сложившейся в результате выпадения большого количества осадков в виде мокрого снега, повлекшей гибель сельскохозяйственных культур",введение,False,засуха/заморозки/гибель посевов,перечень,3,False,да,да,да,да,"ЧС из-за гибели посевов от мокрого снега; зоны — сёла и округа, Александрово-Заводского округа нет в панели"
7900202305100002,2023-05-10,"Распоряжение губернатора Еврейской автономной области от 05.05.2023 № 101-рг  ""О внесении изменения в распоряжение губернатора Еврейской автономной области от 04.05.2023 № 99-рг ""О введении режима чрезвычайной ситуации в лесах на территории Еврейской автономной области""",чрезвычайная ситуация,True,,,,изменение,False,лесные/природные пожары,весь субъект,6,True,да,да,да,да,"правка акта о ЧС в лесах (пожар в заповеднике «Бастак»), зона — вся область"
1401202412240012,2024-12-24,"Приказ Министерства инноваций, цифрового развития и инфокоммуникационных технологий Республики Саха (Якутия) от 18.12.2024 № П-01-812  ""О внесении изменений в приказ Министерства инноваций, цифрового развития и инфокоммуникационных технологий Республики Саха (Якутия) от 23 мая 2022 года №П-01-269 ""Об утверждении Порядка предоставления доступа пользователям к информации, не составляющей государственную тайну, обрабатываемой в государственной информационной системе Республики Саха (Якутия) ""Информационно-аналитическая система оперативного мониторинга обстановки при введении режима чрезвычайной ситуации, повышенной готовности на территории Республики Саха (Якутия)""",повышенная готовность,True,,,,иное,False,иное/не указана,весь субъект,29,False,нет,,,,порядок доступа к информационной системе
2700202305170006,2023-05-17,"Распоряжение Правительства Хабаровского края от 15.05.2023 № 287-рп  ""О введении режима чрезвычайной ситуации в лесах регионального характера, возникшей вследствие лесных пожаров на территории Хабаровского края""",чрезвычайная ситуация,True,,,"установилась сухая, жаркая погода, способствующая резкому росту пожаров в лесах",введение,False,лесные/природные пожары,весь субъект,16,True,да,да,да,да,"ЧС в лесах, зона — весь край"
