id,регион,дата,заголовок,причина,места,оценка,комментарий
5252457,70,2024-04-11,Паводковая обстанoка на 11 апреля,паводок/наводнение,,событие,"подтоплены 22 жилых дома и 40 участков в Вершинино, переливы дорог; правило о сводках не сработало из-за опечатки в заголовке"
4991745,28,2023-04-13,Продолжаются работы по разрушению структуры льда на затороопасных участках рек Амурской области,паводок/наводнение,Амурская область,не событие,превентивные подрывы льда
5318546,27,2024-07-11,Паводковые воды продолжают освобождать территории населённых пунктов Хабаровского края,паводок/наводнение,Хабаровский край,событие,"спад воды, но в 9 сёлах подтоплены 74 участка, дачный дом и 7 участков дорог"
5259304,72,2024-04-20,МЧС России увеличивает группировку в районах наиболее подверженных подтоплению из-за весеннего паводка,паводок/наводнение,районы наиболее подверженных подтоплению,событие,"в зоне подтопления 112 домов, отрезанные сёла"
5250181,56,2024-04-08,Спасатели МЧС России круглосуточно работают в зоне паводков,паводок/наводнение,зона паводков,событие,"в Оренбургской области за сутки подтоплено около 3,9 тыс. домов, эвакуировано более 6 тыс. человек"
5250404,48,2024-04-08,"О прохождении паводка на территории региона в программе ""Информационный вечер""",паводок/наводнение,,слабое,"телеэфир: пик паводка пройден, на контроле участки дорог"
5314449,27,2024-07-05,Вода ушла из жилых домов в зоне паводка. Спасатели МЧС России продолжают оказывать адресную помощь,паводок/наводнение,зона паводка,событие,"дома свободны, но подтоплены 146 участков и дороги в 11 сёлах, лодочная переправа, подвоз воды"
4973871,71,2023-03-19,Информация по подтоплению приусадебных участков и мостов в Тульской области,паводок/наводнение,Тульская область,событие,"подтоплены приусадебные участки и низководные мосты, откачка воды в Ефремове"
5345497,17,2024-08-19,МЧС России направлен самолет Бе-200 для тушения лесного пожара в Тыве,лесные/природные пожары,Тыва,слабое,одиночный лесной пожар 270 га при режиме ЧС в лесах
5317104,27,2024-07-09,Гребень паводка смещается вниз по течению Амура. Освобождаются ранее подтопленные территории,паводок/наводнение,Амур,событие,"гребень смещается, но подтоплены 14 подворий, 75 участков и дороги в 9 сёлах"
5254218,63,2024-04-13,Информация по паводку на 13 апреля,паводок/наводнение,[места не указаны],событие,"подтоплены 158 домов, за сутки ещё 85, нет сообщения с селом, люди в пунктах размещения"
4991181,62,2023-04-12,Сотрудники МЧС России эвакуировали женщину из отрезанного половодьем села Коростово,паводок/наводнение,Коростово,событие,"эвакуирована одна жительница, но водой отрезаны 6 сёл, подтоплены 146 участков"
5399209,19,2024-11-13,Сильный ветер осложнил тушение степного пожара в Усть-Абаканском районе,паводок/наводнение,Усть-Абаканский район,событие,"степной пожар угрожал домам посёлка в Черногорске, ликвидирован; причина у модели — паводок"
5242088,38,2024-03-28,За сутки на водоемах Иркутской области закрыты четыре ледовые переправы из-за естественного разрушения льда,паводок/наводнение,Иркутская область,не событие,плановое закрытие ледовых переправ
5259856,55,2024-04-21,Сотрудники МЧС России оказывают помощь жителям подтопленных сел,паводок/наводнение,подтопленные села,событие,"подтоплены дома в двух сёлах, помощь жителям"
5291615,72,2024-06-03,Сотрудники МЧС России продолжают работу в подтопленных районах Тюменской области,паводок/наводнение,Тюменская область,событие,"подтоплен 441 дом, эвакуация по Иртышу"
5344767,14,2024-08-20,Более 50 населённых пунктов попали в зону задымления,паводок/наводнение,населённые пункты; районы,событие,дым от лесных пожаров над 50 с лишним сёлами; причина у модели — паводок
5097551,25,2023-09-06,Спасатели МЧС России ликвидируют последствия паводка в Приморском крае,паводок/наводнение,Приморский край,событие,"подтоплено 126 домов, отрезаны 5 сёл"
5319283,14,2024-07-12,Около 2 тысяч человек задействовано на тушении природных пожаров,паводок/наводнение,,слабое,"146 лесных пожаров на 779 тыс. га при режиме ЧС, ближайшие в 5–10 км от сёл, последствия для жителей не названы; причина у модели — паводок"
5250165,2,2024-04-08,О ситуации с прохождением весеннего половодья в республике,паводок/наводнение,республика,событие,"подтоплены дома и участки, люди в пунктах временного размещения"
5386572,52,2024-10-26,Эвакуация и задымление в гостинице,паводок/наводнение,гостиница,не событие,пожарно-тактические учения в гостинице
4981246,28,2023-03-30,"Объединенная оперативная группа готова к проведению работ по ослаблению структуры льда на затороопасных участках рек Амур и Уркан (ФОТО, ВИДЕО, КОММЕНТАРИЙ)",паводок/наводнение,Амур; Уркан,не событие,смотр группы перед подрывами льда
4989129,28,2023-04-10,"На затороопасных участках Амура в Приамурье продолжаются работы по разрушению структуры льда (ФОТО, ВИДЕО)",паводок/наводнение,Приамурье; Амур,не событие,превентивные подрывы льда
5366664,21,2024-09-23,За субботу и воскресенье в Чувашии произошли 12 техногенных и один лесной пожар,техногенная авария/разлив/обрушение/взрыв,Чувашия,не событие,сводка бытовых пожаров и один лесной пожар
4981260,60,2023-03-30,Спасатели приняли участие в ликвидации заторов на реке Льста в Новоржевском районе,паводок/наводнение,Новоржевский район,не событие,"подрыв заторов, последствий нет"
4980124,44,2023-03-28,Сотрудники МЧС оценили разлив р. Корбы в Судиславском районе с помощью беспилотных летательных аппаратов,паводок/наводнение,Судиславский район,слабое,подтоплена дорога к двум деревням с 6 жителями
5273924,45,2024-05-09,Спaсатели МЧС России продолжают работы по ликвидации последствий паводка,паводок/наводнение,[места не указаны],событие,"подтоплены 369 домов и 5,8 тыс. дач, отрезанные сёла, лодочные переправы"
4935829,54,2023-01-24,Обильный снегопад влечёт опасность для любителей рыбной ловли,паводок/наводнение,,не событие,предупреждение рыбакам о снегопаде
5055488,14,2023-07-07,Зa сутки вoзникло 37 природных пожаров,лесные/природные пожары,,слабое,"115 очагов на 144 тыс. га при режиме ЧС, последствия для жителей не названы"
5001027,4,2023-04-25,В Республике Алтай ликвидировано два лесных пожара,лесные/природные пожары,Республика Алтай,не событие,"ликвидированы два пожара на 1,6 га, сезон спокойнее прошлого"
5372485,63,2024-10-01,Группировка сил для ликвидации лесного пожара в Самарской области увеличена,лесные/природные пожары,Самарская область,слабое,"лесной пожар 11 га, угрозы сёлам нет"
5058190,14,2023-07-11,Близ села Хордогой Сунтарского района локализован природный пожар,лесные/природные пожары,Сунтарский район,слабое,одиночный пожар у села локализован
5275292,69,2024-05-11,Сотрудники ГИМС эвакуировали людей с акватории реки Волга,"авария ЖКХ/тепло-, энерго-, водоснабжение",Волга,не событие,спасение отдыхающих с лодки; причина у модели — авария ЖКХ
5276326,45,2024-05-12,Спасатели МЧС России ликвидируют последствия прохождения паводка в регионе,паводок/наводнение,регион,событие,откачка воды из домов и просушка после паводка в Кургане
5242326,28,2024-03-28,"Продолжаются работы по разрушению структуры льда на затороопасных участках рек Приамурья (ВИДЕО, КОММЕНТАРИЙ)",паводок/наводнение,Приамурье,не событие,превентивные подрывы льда
4986196,28,2023-04-06,В Приамурье на реках начались процессы разрушения льда,паводок/наводнение,Приамурье,не событие,"начало ледохода, обстановка спокойная"
5225884,24,2024-03-05,"Чем отличаются паводок, половодье и наводнение",паводок/наводнение,,не событие,разъяснение терминов
5084773,38,2023-08-19,С 19 августа увеличены сбросные расходы на Иркутской ГЭС. Иркутский пожарно-спасательный гарнизон функционирует в режиме повышенной готовности,паводок/наводнение,,не событие,"увеличение сброса ГЭС, последствий нет"
5097102,27,2023-09-05,"Хабаровские спасатели продолжают оказывать помощь приморчанам, пострадавшим от стихии в подтопленных населенных пунктах",паводок/наводнение,подтопленные населенные пункты,событие,"эвакуация 39 человек, перевозка 250 человек, помощь 130 домовладениям"
5290434,72,2024-06-01,Специалисты МЧС России продолжают борьбу с паводком в Тюменской области,паводок/наводнение,Тюменская область,событие,"подтоплен 441 дом, 173 человека в пунктах размещения"
5314167,53,2024-07-01,После прохождения комплекса неблагоприятных явлений погоды в Новгородской области зафиксированы факты отключения электричества,паводок/наводнение,Новгородская область,событие,"после непогоды отключения электричества, масштаб не назван; причина у модели — паводок"
5250435,72,2024-04-08,В Тюменской области введен режим ЧС,паводок/наводнение,Тюменская область,не событие,"режим ЧС введён заранее, обстановка спокойная (паводок пришёл позже)"
4961059,75,2023-03-01,Вертолет Ми-8 МЧС России прибыл на тушение природных пожаров в Забайкалье,лесные/природные пожары,Забайкалье,не событие,вертолёт прибыл на дежурство
5356606,27,2024-09-07,В Хабаровском крае от воды освободились все ранее подтопленные приусадебные участки,паводок/наводнение,Хабаровский край,слабое,"участки освободились, вода на части дорог в сёлах"
5077714,89,2023-08-08,На Ямале введен режим чрезвычайной ситуации регионального характера в лесах,лесные/природные пожары,Ямал,слабое,"режим ЧС в лесах, 22 пожара на 3 тыс. га, угрозы сёлам не названо"
5282786,14,2024-05-22,Глава МЧС России Александр Куренков контролирует в Якутии проводимые мероприятия по ликвидации последствий паводка и оказанию помощи пострадавшему населению,паводок/наводнение,Якутия,событие,"подтоплены сёла Намского района, помощь пострадавшим"
5037161,14,2023-06-11,Активная фаза весеннего половодья завершена,паводок/наводнение,,не событие,итог сезона: активная фаза половодья завершена
5276982,55,2024-05-14,Подразделения МЧС России оказывают помощь жителям затопленных сел,паводок/наводнение,затопленные села,событие,"затоплены 398 домов, эвакуация"
5056200,28,2023-07-08,Режим повышенной готовности введен в Приамурье,паводок/наводнение,Приамурье,не событие,режим повышенной готовности из-за гибели людей на воде
4985782,63,2023-04-05,В регионе ликвидировали первые в этом году лесные пожары,лесные/природные пожары,регион,не событие,первые мелкие лесные пожары и палы травы
