region_code,kind,channel
1,mchs,mchs0101
1,governor,adygheya_gov
2,mchs,mchsrb01
2,governor,radiyhabirov
2,cur,tsur_bashkortostan
4,mchs,mchs_04
4,governor,altaygov
7,mchs,mchskbr
7,governor,Kokov_Kazbek
7,cur,tsur_07
8,mchs,mchs_08kalmykiya
8,governor,BatuKhasikov08
9,mchs,mchskchr
9,governor,rashid_temrezov
10,mchs,mchs_10
10,governor,AParfenchikov
11,mchs,mchsKomi
11,governor,goldshtein_komi
12,mchs,mchs12gov
12,governor,yvzaitsev
13,mchs,mchs_13
13,governor,zdunov
14,mchs,mchsYakutia
14,governor,aisen_nikolaev
15,mchs,mchs_rso_a
15,governor,sergeimeniaylo
16,mchs,mchstatarstan
16,governor,rustamminnikhanov
17,mchs,mchstuva
17,governor,khovalyg_live
18,mchs,mchsUR
18,governor,udmurt_gov
19,mchs,mchshak
19,governor,konovalov_khakasia19
21,mchs,mchs_chuvashia
21,governor,oanikolaev
22,mchs,mchs_altkray
22,governor,tomenko_22
24,mchs,mchskrsk
24,governor,mkotyukov
25,mchs,mchs_vdk
25,governor,kozhemiakoofficial
26,mchs,sk_gumchs
26,governor,VVV5807
27,mchs,mchskhv
27,governor,DemeshinDV
28,mchs,mchs28
28,governor,OrlovAmur
29,mchs,mchs29
29,governor,Tsybulskiy_A
30,mchs,mchs30
30,governor,babushkin30
33,mchs,mchs33
33,governor,avdeev_o_vazhnom
33,cur,tsur33
34,mchs,mchs_volgograd
34,governor,rgn_34
35,mchs,mchs35
35,governor,filimonov_official
35,cur,tsur35
37,mchs,mchsivanovo
37,governor,ivanovoobl
37,cur,tsur37
38,mchs,irk38mchs
38,governor,kobzevii
39,mchs,mchs39
39,governor,besprozvannih
39,cur,tsur39
40,mchs,mchs40
40,governor,Shapsha_VV
40,cur,tsur40
41,mchs,mchskam41
41,governor,vsolodovbrief
41,cur,tsur41
42,mchs,mchs_kuzbass
42,governor,ilyaseredyuk
42,cur,tsur42
43,mchs,MchsKirov
43,governor,aleksandrsokolov43
43,cur,tsur43
44,governor,sk_sitnikov
44,cur,tsur44
45,mchs,kurgan45mchs
45,governor,silavpravdevshumkov
45,cur,tsur45
47,mchs,gumchslo
47,governor,drozdenko_au_lo
47,cur,tsur47
48,mchs,gumchs48
48,governor,igor_artamonov48
48,cur,tsur48
49,mchs,mchs_magadan
49,governor,nosovlive_ru
49,cur,tsur49
50,mchs,mchs_mo
50,governor,vorobiev_live
51,mchs,mchs_murmansk
51,governor,andrey_chibis
51,cur,tsur51
52,mchs,mchs52
52,governor,glebnikitin_nn
52,cur,tsur52
53,mchs,mchs53NO
53,governor,dronovnov
53,cur,tsur53
54,mchs,mchs54
54,governor,TravnikovAndrey
54,cur,tsur54
55,mchs,mchs_omsk
55,governor,HocenkoVP
55,cur,tsur55
56,mchs,pojarnoe_depo
56,governor,DVPasler
56,cur,tsur56
57,mchs,mchs_orel
57,governor,Klychkov_Andrey
57,cur,tsur57
58,mchs,mchs58
58,governor,omelnichenko
58,cur,tsur58
59,mchs,mchs_prikamia
59,governor,mahonin59
59,cur,minterbez_permkrai
60,mchs,mchspskov
60,governor,MV_007_Pskov
60,other,pskov_oblast
62,mchs,GUmchs62
62,governor,pavelmalkov_official
62,other,ryazangov
63,mchs,mchs_samara
63,governor,Fedorischev63
63,other,SamarOblast
64,mchs,mchs_64
64,governor,busargin_r
64,other,saratovoblgov64
65,mchs,info65mchs
65,governor,limarenko_official
65,other,sakhgov
66,mchs,mchs66
66,other,miduralofficial
67,mchs,mchs_smolensk
67,governor,anohin67
68,mchs,gu_mchs_tambov
68,governor,PervyshovEA
68,other,tmbcan
69,mchs,mchs_tver_69
69,other,pul69
70,mchs,mchstomsk
70,governor,mazur_70
70,other,tomskregionadmin
71,mchs,mchs71tula
71,governor,dmilyaev
71,other,tularegion71
72,mchs,MCHSTYUMEN72
72,governor,av_moor
72,other,operativnyishtabtyumen
73,mchs,mchs_ulyanovsk
73,governor,Russkih_Aleksey
73,other,ulgovru
74,mchs,mchs_74
74,governor,alexeytexlerofficial
74,other,gov74
75,mchs,zabmchs
75,governor,am_osipov
75,other,zabkrai75
76,mchs,mchsyaroslavl
76,governor,evraevmikhail
76,other,yar_oblast
77,mchs,mchsmsk
77,governor,mos_sobyanin
78,mchs,mchspetersburg
78,governor,a_beglov
79,other,eaoru
83,mchs,mchsnao83
83,governor,I_Gekht
86,governor,kuharuk_ruslan
86,other,ugra_official
87,governor,vladislav_kuznecov
89,mchs,gumchsyanao89
89,governor,artyukhov_da
89,other,yanao_ru
